[
  {
    "title": "Welcome to The Mirror JK",
    "date": "2025-11-03T09:00:00Z",
    "cover": "/assets/sample1.jpg",
    "excerpt": "This is a sample editorial post to demonstrate the blog layout and Netlify CMS editing.",
    "url": "content/blog/welcome.html"
  },
  {
    "title": "Human Rights & Global Advocacy \u2014 Starter",
    "date": "2025-11-02T10:00:00Z",
    "cover": "/assets/sample2.jpg",
    "excerpt": "An example post showing how cards appear with images, dates, and excerpts.",
    "url": "content/blog/advocacy.html"
  }
]